Model,Train_RMSE,Test_RMSE,Train_R2,Test_R2
GradientBoosting,2.966676969082406,7.268965548314135,0.994936165017666,0.9363950167411143
RandomForest,5.093380562867846,7.405341784932162,0.9850737305342904,0.9339859865997426
LinearRegression,13.84268864300606,12.527194334202887,0.8897496629816377,0.8110906076728325
